{
  "accuracy": 55.60000000000001,
  "confusion_matrix": [
    [
      138,
      10,
      19
    ],
    [
      38,
      15,
      113
    ],
    [
      27,
      15,
      125
    ]
  ],
  "f1": 49.37332184721816
}