{
    "total": {
        "EM": 0.4790271246989141,
        "EM_with_conditions": 0.38767784011000855,
        "F1": 0.5664659610509899,
        "F1_with_conditions": 0.4680835915506562
    },
    "yesno": {
        "EM": 0.7471286517892113,
        "EM_with_conditions": 0.569730893459341,
        "F1": 0.7471286517892113,
        "F1_with_conditions": 0.569730893459341
    },
    "extractive": {
        "EM": 0.23190104166666664,
        "EM_with_conditions": 0.2266927083333333,
        "F1": 0.42658907573183474,
        "F1_with_conditions": 0.40572113927540054
    },
    "conditional": {
        "EM": 0.4632467636164779,
        "EM_with_conditions": 0.05,
        "F1": 0.5249821053677791,
        "F1_with_conditions": 0.07991900524722349
    }
}