{
    "total": {
        "EM": 0.47170867248016707,
        "EM_with_conditions": 0.3781414210181789,
        "F1": 0.5626470544749537,
        "F1_with_conditions": 0.46038620342723624
    },
    "yesno": {
        "EM": 0.7140114568077924,
        "EM_with_conditions": 0.5356897784861141,
        "F1": 0.7140114568077924,
        "F1_with_conditions": 0.5356897784861141
    },
    "extractive": {
        "EM": 0.25260416666666663,
        "EM_with_conditions": 0.24348958333333334,
        "F1": 0.45508415782693346,
        "F1_with_conditions": 0.4266127316660001
    },
    "conditional": {
        "EM": 0.4814814814814814,
        "EM_with_conditions": 0.0582010582010582,
        "F1": 0.5399550335741459,
        "F1_with_conditions": 0.07734642169161472
    }
}