{
    "total": {
        "EM": 0.5142445691089059,
        "EM_with_conditions": 0.42862202332290744,
        "F1": 0.5888975830353633,
        "F1_with_conditions": 0.4968986518155917
    },
    "yesno": {
        "EM": 0.7618394092963043,
        "EM_with_conditions": 0.5958550814477527,
        "F1": 0.7631108651132147,
        "F1_with_conditions": 0.5971265372646631
    },
    "extractive": {
        "EM": 0.2938802083333333,
        "EM_with_conditions": 0.28867187499999997,
        "F1": 0.4586793551085061,
        "F1_with_conditions": 0.43927360108278796
    },
    "conditional": {
        "EM": 0.44077924151867004,
        "EM_with_conditions": 0.05343915343915344,
        "F1": 0.49456856791963405,
        "F1_with_conditions": 0.0783829266873354
    }
}