{
  "accuracy": 70.19999999999999,
  "confusion_matrix": [
    [
      131,
      25,
      11
    ],
    [
      33,
      82,
      51
    ],
    [
      12,
      17,
      138
    ]
  ],
  "f1": 69.38030782036711
}