{
    "total": {
        "EM": 0.4653971383556225,
        "EM_with_conditions": 0.36456991420705104,
        "F1": 0.5552609890059337,
        "F1_with_conditions": 0.44856546935970343
    },
    "yesno": {
        "EM": 0.7585420822705298,
        "EM_with_conditions": 0.5610892229534467,
        "F1": 0.7595410832695308,
        "F1_with_conditions": 0.5620882239524476
    },
    "extractive": {
        "EM": 0.18880208333333334,
        "EM_with_conditions": 0.18489583333333334,
        "F1": 0.38777349186834487,
        "F1_with_conditions": 0.370801115174339
    },
    "conditional": {
        "EM": 0.5090332097726384,
        "EM_with_conditions": 0.052910052910052914,
        "F1": 0.5570487181009928,
        "F1_with_conditions": 0.07437851017757012
    }
}