{
  "accuracy": 55.400000000000006,
  "confusion_matrix": [
    [
      124,
      28,
      15
    ],
    [
      40,
      58,
      68
    ],
    [
      35,
      37,
      95
    ]
  ],
  "f1": 53.04802208368887
}