{
    "total": {
        "EM": 0.5077448303404513,
        "EM_with_conditions": 0.41622436250419403,
        "F1": 0.584210024347638,
        "F1_with_conditions": 0.4843121032383032
    },
    "yesno": {
        "EM": 0.760190745783417,
        "EM_with_conditions": 0.5818690674617387,
        "F1": 0.760190745783417,
        "F1_with_conditions": 0.5818690674617387
    },
    "extractive": {
        "EM": 0.28125,
        "EM_with_conditions": 0.27669270833333337,
        "F1": 0.45150453353162573,
        "F1_with_conditions": 0.42829431856162264
    },
    "conditional": {
        "EM": 0.46428571428571425,
        "EM_with_conditions": 0.05026455026455026,
        "F1": 0.5245720760984715,
        "F1_with_conditions": 0.07265290917529069
    }
}