{
    "accuracy": 45.800000000000004,
    "confusion_matrix": [
        [
            118,
            22,
            27
        ],
        [
            88,
            26,
            52
        ],
        [
            64,
            18,
            85
        ]
    ],
    "f1": 0.4259262879293379
}