{
    "accuracy": 52.900000000000006,
    "confusion_matrix": [
        [
            249,
            42,
            42
        ],
        [
            59,
            31,
            243
        ],
        [
            49,
            36,
            249
        ]
    ],
    "f1": 0.47858111418048715
}