{
    "accuracy": 59.599999999999994,
    "confusion_matrix": [
        [
            150,
            0,
            17
        ],
        [
            35,
            0,
            131
        ],
        [
            19,
            0,
            148
        ]
    ],
    "f1": 0.4826447307396002
}