{
    "accuracy": 54.400000000000006,
    "confusion_matrix": [
        [
            109,
            38,
            20
        ],
        [
            18,
            39,
            109
        ],
        [
            14,
            29,
            124
        ]
    ],
    "f1": 0.5283443680502504
}