{
    "total": {
        "EM": 0.53008933178466,
        "EM_with_conditions": 0.4243679387498343,
        "F1": 0.60600341824474,
        "F1_with_conditions": 0.4933373923239062
    },
    "yesno": {
        "EM": 0.7994322123439398,
        "EM_with_conditions": 0.6150887780005054,
        "F1": 0.7999372628489904,
        "F1_with_conditions": 0.6150887780005054
    },
    "extractive": {
        "EM": 0.30114468864468863,
        "EM_with_conditions": 0.2681776556776557,
        "F1": 0.46827360489167796,
        "F1_with_conditions": 0.4205167784071992
    },
    "conditional": {
        "EM": 0.4923684210526315,
        "EM_with_conditions": 0.044999999999999984,
        "F1": 0.5458511029152662,
        "F1_with_conditions": 0.06909591954500122
    }
}