{
    "total": {
        "EM": 0.3283879891961385,
        "EM_with_conditions": 0.25040140614327183,
        "F1": 0.357426453165844,
        "F1_with_conditions": 0.27610621013806746
    },
    "yesno": {
        "EM": 0.5901698905227997,
        "EM_with_conditions": 0.43393787173196263,
        "F1": 0.5901698905227997,
        "F1_with_conditions": 0.43393787173196263
    },
    "extractive": {
        "EM": 0.08328754578754577,
        "EM_with_conditions": 0.08099816849816847,
        "F1": 0.14742744972063201,
        "F1_with_conditions": 0.13777471358557383
    },
    "conditional": {
        "EM": 0.3529011198658147,
        "EM_with_conditions": 0.022894736842105266,
        "F1": 0.37255062296039787,
        "F1_with_conditions": 0.028437594569173517
    }
}