{
    "total": {
        "EM": 0.47757364709309974,
        "EM_with_conditions": 0.38902712469891415,
        "F1": 0.5615415613113748,
        "F1_with_conditions": 0.4623705998551072
    },
    "yesno": {
        "EM": 0.7173087838335671,
        "EM_with_conditions": 0.5408349454955049,
        "F1": 0.7173087838335671,
        "F1_with_conditions": 0.5408349454955049
    },
    "extractive": {
        "EM": 0.26197916666666665,
        "EM_with_conditions": 0.26197916666666665,
        "F1": 0.4489389756682949,
        "F1_with_conditions": 0.4252829980691277
    },
    "conditional": {
        "EM": 0.4534776542170828,
        "EM_with_conditions": 0.052910052910052914,
        "F1": 0.5182600662526035,
        "F1_with_conditions": 0.0696295263313927
    }
}