{
    "total": {
        "EM": 0.3585008089094404,
        "EM_with_conditions": 0.266103148090727,
        "F1": 0.43602227569578117,
        "F1_with_conditions": 0.34077728393975365
    },
    "yesno": {
        "EM": 0.6492265538871133,
        "EM_with_conditions": 0.47090487556543503,
        "F1": 0.6492265538871133,
        "F1_with_conditions": 0.47090487556543503
    },
    "extractive": {
        "EM": 0.07291666666666667,
        "EM_with_conditions": 0.06640625,
        "F1": 0.24552305755812812,
        "F1_with_conditions": 0.23267288060134836
    },
    "conditional": {
        "EM": 0.45767195767195773,
        "EM_with_conditions": 0.03968253968253968,
        "F1": 0.49353476235219257,
        "F1_with_conditions": 0.06266456155111619
    }
}