{
    "total": {
        "EM": 0.5076321266252635,
        "EM_with_conditions": 0.4186220233229075,
        "F1": 0.5907240085058014,
        "F1_with_conditions": 0.49612270867096403
    },
    "yesno": {
        "EM": 0.7802458467706299,
        "EM_with_conditions": 0.6098410954337666,
        "F1": 0.7819940985188817,
        "F1_with_conditions": 0.6115893471820184
    },
    "extractive": {
        "EM": 0.25859374999999996,
        "EM_with_conditions": 0.25078124999999996,
        "F1": 0.44164989324963483,
        "F1_with_conditions": 0.4213882447202819
    },
    "conditional": {
        "EM": 0.45927850964822386,
        "EM_with_conditions": 0.056613756613756616,
        "F1": 0.5080904637971071,
        "F1_with_conditions": 0.0801322026395099
    }
}