{
    "total": {
        "EM": 0.3602315031697726,
        "EM_with_conditions": 0.2976685375568365,
        "F1": 0.44733891517771834,
        "F1_with_conditions": 0.37785661699529016
    },
    "yesno": {
        "EM": 0.530958237075329,
        "EM_with_conditions": 0.4266637311339134,
        "F1": 0.5319503005673925,
        "F1_with_conditions": 0.42702448149466377
    },
    "extractive": {
        "EM": 0.21804029304029307,
        "EM_with_conditions": 0.19331501831501832,
        "F1": 0.4093631010390051,
        "F1_with_conditions": 0.370041278550346
    },
    "conditional": {
        "EM": 0.310091005365616,
        "EM_with_conditions": 0.04535087719298245,
        "F1": 0.35791040208023317,
        "F1_with_conditions": 0.06389057187669528
    }
}