{
    "total": {
        "EM": 0.5024487250083881,
        "EM_with_conditions": 0.41302500963174643,
        "F1": 0.5880190600375506,
        "F1_with_conditions": 0.4917642194018674
    },
    "yesno": {
        "EM": 0.7651367363220789,
        "EM_with_conditions": 0.5991524084735272,
        "F1": 0.7664081921389893,
        "F1_with_conditions": 0.6004238642904376
    },
    "extractive": {
        "EM": 0.26393229166666665,
        "EM_with_conditions": 0.25026041666666665,
        "F1": 0.4530395362095811,
        "F1_with_conditions": 0.42415773387499695
    },
    "conditional": {
        "EM": 0.4495094002488288,
        "EM_with_conditions": 0.04497354497354498,
        "F1": 0.505518821459896,
        "F1_with_conditions": 0.07008025667942541
    }
}