{
    "total": {
        "EM": 0.47041786742342534,
        "EM_with_conditions": 0.3704178674234253,
        "F1": 0.5593678939239192,
        "F1_with_conditions": 0.45402591421573396
    },
    "yesno": {
        "EM": 0.7708794327436564,
        "EM_with_conditions": 0.5750752369394607,
        "F1": 0.7718784337426574,
        "F1_with_conditions": 0.5760742379384617
    },
    "extractive": {
        "EM": 0.18619791666666669,
        "EM_with_conditions": 0.18229166666666669,
        "F1": 0.3831346386181005,
        "F1_with_conditions": 0.36733413692409467
    },
    "conditional": {
        "EM": 0.5052910052910052,
        "EM_with_conditions": 0.052910052910052914,
        "F1": 0.5503964607093068,
        "F1_with_conditions": 0.07384940964846959
    }
}