{
    "accuracy": 58.099999999999994,
    "confusion_matrix": [
        [
            288,
            0,
            45
        ],
        [
            51,
            0,
            282
        ],
        [
            41,
            0,
            293
        ]
    ],
    "f1": 0.4740366342155222
}