{
    "total": {
        "EM": 0.4965125048158732,
        "EM_with_conditions": 0.41042637812170446,
        "F1": 0.587610135147688,
        "F1_with_conditions": 0.4970902173604252
    },
    "yesno": {
        "EM": 0.7820936867542462,
        "EM_with_conditions": 0.6151854389138864,
        "F1": 0.7833651425711565,
        "F1_with_conditions": 0.6164568947307968
    },
    "extractive": {
        "EM": 0.23177083333333334,
        "EM_with_conditions": 0.2265625,
        "F1": 0.43318494632356025,
        "F1_with_conditions": 0.41810450000950977
    },
    "conditional": {
        "EM": 0.4370562874260017,
        "EM_with_conditions": 0.047619047619047616,
        "F1": 0.48069008532611995,
        "F1_with_conditions": 0.07119521914564551
    }
}