{
    "accuracy": 56.99999999999999,
    "confusion_matrix": [
        [
            90,
            74,
            3
        ],
        [
            30,
            124,
            12
        ],
        [
            19,
            77,
            71
        ]
    ],
    "f1": 0.5706194642986752
}