{
    "total": {
        "EM": 0.5060946373924479,
        "EM_with_conditions": 0.4169133508427402,
        "F1": 0.5865325434264459,
        "F1_with_conditions": 0.4922298675448225
    },
    "yesno": {
        "EM": 0.7629625057588415,
        "EM_with_conditions": 0.5916338344301701,
        "F1": 0.7642339615757517,
        "F1_with_conditions": 0.5929052902470805
    },
    "extractive": {
        "EM": 0.2744791666666666,
        "EM_with_conditions": 0.26731770833333335,
        "F1": 0.4521587372750356,
        "F1_with_conditions": 0.4335941855073589
    },
    "conditional": {
        "EM": 0.47195767195767185,
        "EM_with_conditions": 0.06851851851851852,
        "F1": 0.5219247772529955,
        "F1_with_conditions": 0.09531743397898555
    }
}