{
    "total": {
        "EM": 0.4639851188854136,
        "EM_with_conditions": 0.3710026627450627,
        "F1": 0.5598818213143717,
        "F1_with_conditions": 0.4580547325361163
    },
    "yesno": {
        "EM": 0.7499004117646355,
        "EM_with_conditions": 0.5715787334429572,
        "F1": 0.7516486635128873,
        "F1_with_conditions": 0.573326985191209
    },
    "extractive": {
        "EM": 0.1953125,
        "EM_with_conditions": 0.1875,
        "F1": 0.40687937650197614,
        "F1_with_conditions": 0.3793737491441424
    },
    "conditional": {
        "EM": 0.46031746031746024,
        "EM_with_conditions": 0.03968253968253968,
        "F1": 0.5243727487378387,
        "F1_with_conditions": 0.06372639474097005
    }
}