{
    "total": {
        "EM": 0.48047209160644955,
        "EM_with_conditions": 0.3863200448228238,
        "F1": 0.5742321760953619,
        "F1_with_conditions": 0.47034424680642534
    },
    "yesno": {
        "EM": 0.7368383177704296,
        "EM_with_conditions": 0.5515236324557443,
        "F1": 0.7368383177704296,
        "F1_with_conditions": 0.5515236324557443
    },
    "extractive": {
        "EM": 0.24661458333333333,
        "EM_with_conditions": 0.24401041666666665,
        "F1": 0.4553772714531772,
        "F1_with_conditions": 0.4310955538957793
    },
    "conditional": {
        "EM": 0.48201058201058194,
        "EM_with_conditions": 0.05608465608465609,
        "F1": 0.5473121098827466,
        "F1_with_conditions": 0.07734290595660505
    }
}