{
    "total": {
        "EM": 0.4751175067422225,
        "EM_with_conditions": 0.38096545995859676,
        "F1": 0.5761766494772963,
        "F1_with_conditions": 0.47411579142570204
    },
    "yesno": {
        "EM": 0.7627633292881124,
        "EM_with_conditions": 0.5809451474699306,
        "F1": 0.7627633292881124,
        "F1_with_conditions": 0.5809451474699306
    },
    "extractive": {
        "EM": 0.20572916666666666,
        "EM_with_conditions": 0.19921875,
        "F1": 0.4307436641627292,
        "F1_with_conditions": 0.40662378490722634
    },
    "conditional": {
        "EM": 0.47354497354497355,
        "EM_with_conditions": 0.047619047619047616,
        "F1": 0.5268572764148728,
        "F1_with_conditions": 0.06515339475289844
    }
}