{
    "total": {
        "EM": 0.37989371406447525,
        "EM_with_conditions": 0.3035048251755864,
        "F1": 0.4816691153925856,
        "F1_with_conditions": 0.3958133880812684
    },
    "yesno": {
        "EM": 0.651181513740332,
        "EM_with_conditions": 0.5110299985888168,
        "F1": 0.6521457010681556,
        "F1_with_conditions": 0.5114891354115899
    },
    "extractive": {
        "EM": 0.13067765567765566,
        "EM_with_conditions": 0.1144230769230769,
        "F1": 0.35442931635343156,
        "F1_with_conditions": 0.317813918665797
    },
    "conditional": {
        "EM": 0.35236842105263166,
        "EM_with_conditions": 0.02912280701754386,
        "F1": 0.41565134146215915,
        "F1_with_conditions": 0.052346053260585515
    }
}