{
    "total": {
        "EM": 0.4432918751977278,
        "EM_with_conditions": 0.3555725769521138,
        "F1": 0.5437427510241082,
        "F1_with_conditions": 0.4469530913473204
    },
    "yesno": {
        "EM": 0.7340665577950053,
        "EM_with_conditions": 0.5592413829698305,
        "F1": 0.7343844217492329,
        "F1_with_conditions": 0.5595592469240581
    },
    "extractive": {
        "EM": 0.16692708333333334,
        "EM_with_conditions": 0.16692708333333334,
        "F1": 0.3902321229041449,
        "F1_with_conditions": 0.37003639628004664
    },
    "conditional": {
        "EM": 0.4444444444444444,
        "EM_with_conditions": 0.047619047619047616,
        "F1": 0.5176269411350256,
        "F1_with_conditions": 0.0797689568828894
    }
}