{
    "total": {
        "EM": 0.30119633271112417,
        "EM_with_conditions": 0.24203342370233427,
        "F1": 0.332773516081673,
        "F1_with_conditions": 0.2698376804931468
    },
    "yesno": {
        "EM": 0.5511662916660196,
        "EM_with_conditions": 0.4333624730387459,
        "F1": 0.5514633801984021,
        "F1_with_conditions": 0.43365956157112856
    },
    "extractive": {
        "EM": 0.06565934065934063,
        "EM_with_conditions": 0.06314102564102562,
        "F1": 0.13508353948103768,
        "F1_with_conditions": 0.12423161740198622
    },
    "conditional": {
        "EM": 0.27456304654245706,
        "EM_with_conditions": 0.024210526315789477,
        "F1": 0.29872653407855043,
        "F1_with_conditions": 0.03240857716710358
    }
}