{
  "accuracy": 58.199999999999996,
  "confusion_matrix": [
    [
      133,
      12,
      22
    ],
    [
      28,
      21,
      117
    ],
    [
      21,
      9,
      137
    ]
  ],
  "f1": 52.75369617888067
}