{
    "total": {
        "EM": 0.4696533781561571,
        "EM_with_conditions": 0.3737469454076191,
        "F1": 0.5660001184120425,
        "F1_with_conditions": 0.4603630187892546
    },
    "yesno": {
        "EM": 0.7368383177704296,
        "EM_with_conditions": 0.5480271289592409,
        "F1": 0.7368383177704296,
        "F1_with_conditions": 0.5480271289592409
    },
    "extractive": {
        "EM": 0.22252604166666667,
        "EM_with_conditions": 0.219921875,
        "F1": 0.43704808051766064,
        "F1_with_conditions": 0.41277797588879794
    },
    "conditional": {
        "EM": 0.4767195767195767,
        "EM_with_conditions": 0.04285714285714286,
        "F1": 0.5427662007995064,
        "F1_with_conditions": 0.06488408345832491
    }
}