{
    "accuracy": 55.00000000000001,
    "confusion_matrix": [
        [
            129,
            20,
            18
        ],
        [
            46,
            4,
            116
        ],
        [
            20,
            5,
            142
        ]
    ],
    "f1": 0.4649387815969261
}