{
    "total": {
        "EM": 0.4697288790848791,
        "EM_with_conditions": 0.37370123192287397,
        "F1": 0.5592012561588342,
        "F1_with_conditions": 0.4546412250501451
    },
    "yesno": {
        "EM": 0.7541216587822182,
        "EM_with_conditions": 0.5662343899628375,
        "F1": 0.7551975060119116,
        "F1_with_conditions": 0.5673102371925309
    },
    "extractive": {
        "EM": 0.20338541666666665,
        "EM_with_conditions": 0.19947916666666665,
        "F1": 0.40139933316847093,
        "F1_with_conditions": 0.3784951970371831
    },
    "conditional": {
        "EM": 0.48732083769055196,
        "EM_with_conditions": 0.052910052910052914,
        "F1": 0.5435183609670236,
        "F1_with_conditions": 0.0705086964277174
    }
}