{
  "accuracy": 47.599999999999994,
  "confusion_matrix": [
    [
      121,
      25,
      21
    ],
    [
      53,
      31,
      82
    ],
    [
      63,
      18,
      86
    ]
  ],
  "f1": 42.2715803472895
}