{
  "accuracy": 54.800000000000004,
  "confusion_matrix": [
    [
      144,
      6,
      17
    ],
    [
      38,
      12,
      116
    ],
    [
      33,
      16,
      118
    ]
  ],
  "f1": 47.95066676686958
}