{
    "total": {
        "EM": 0.5008190166934496,
        "EM_with_conditions": 0.3965057338064205,
        "F1": 0.5870140102633757,
        "F1_with_conditions": 0.4766622416249748
    },
    "yesno": {
        "EM": 0.7931190810308084,
        "EM_with_conditions": 0.6065840319369411,
        "F1": 0.7931190810308084,
        "F1_with_conditions": 0.6065840319369411
    },
    "extractive": {
        "EM": 0.24336080586080588,
        "EM_with_conditions": 0.21588827838827843,
        "F1": 0.43374754989987346,
        "F1_with_conditions": 0.39293726818530517
    },
    "conditional": {
        "EM": 0.4795677865324813,
        "EM_with_conditions": 0.038157894736842106,
        "F1": 0.5342964469924762,
        "F1_with_conditions": 0.06733422601734829
    }
}