{
    "total": {
        "EM": 0.45725571733744363,
        "EM_with_conditions": 0.36368846587545534,
        "F1": 0.5529679212274918,
        "F1_with_conditions": 0.4518795327509185
    },
    "yesno": {
        "EM": 0.7228523037844157,
        "EM_with_conditions": 0.5445306254627373,
        "F1": 0.7228523037844157,
        "F1_with_conditions": 0.5445306254627373
    },
    "extractive": {
        "EM": 0.210546875,
        "EM_with_conditions": 0.20143229166666665,
        "F1": 0.4236560789739351,
        "F1_with_conditions": 0.39779521400656515
    },
    "conditional": {
        "EM": 0.4801587301587301,
        "EM_with_conditions": 0.05687830687830688,
        "F1": 0.5313227320275545,
        "F1_with_conditions": 0.07401811749067602
    }
}