{
  "accuracy": 68.60000000000001,
  "confusion_matrix": [
    [
      129,
      26,
      12
    ],
    [
      39,
      81,
      46
    ],
    [
      15,
      19,
      133
    ]
  ],
  "f1": 67.83180458224463
}