{
    "total": {
        "EM": 0.47506753790833783,
        "EM_with_conditions": 0.3900297874439769,
        "F1": 0.5664546135378288,
        "F1_with_conditions": 0.47737328158811015
    },
    "yesno": {
        "EM": 0.7609154893044963,
        "EM_with_conditions": 0.5914346579594412,
        "F1": 0.762663741052748,
        "F1_with_conditions": 0.5931829097076929
    },
    "extractive": {
        "EM": 0.20768229166666669,
        "EM_with_conditions": 0.20768229166666669,
        "F1": 0.40920820224795473,
        "F1_with_conditions": 0.4002049153469628
    },
    "conditional": {
        "EM": 0.4283453790848077,
        "EM_with_conditions": 0.04365079365079365,
        "F1": 0.4673604115115626,
        "F1_with_conditions": 0.06437343364378695
    }
}