{
    "total": {
        "EM": 0.5113705613346033,
        "EM_with_conditions": 0.4208984697281539,
        "F1": 0.6003943366961177,
        "F1_with_conditions": 0.50333316718682
    },
    "yesno": {
        "EM": 0.7881627737554451,
        "EM_with_conditions": 0.6142615189220783,
        "F1": 0.7894342295723555,
        "F1_with_conditions": 0.6155329747389887
    },
    "extractive": {
        "EM": 0.25807291666666665,
        "EM_with_conditions": 0.2509114583333333,
        "F1": 0.4548694619495832,
        "F1_with_conditions": 0.4330370098481894
    },
    "conditional": {
        "EM": 0.4635113138810281,
        "EM_with_conditions": 0.05423280423280423,
        "F1": 0.5205126165612053,
        "F1_with_conditions": 0.08142637354295368
    }
}