{
    "accuracy": 59.599999999999994,
    "confusion_matrix": [
        [
            264,
            12,
            57
        ],
        [
            46,
            41,
            246
        ],
        [
            35,
            8,
            291
        ]
    ],
    "f1": 0.5380126872572877
}