{
  "accuracy": 47.599999999999994,
  "confusion_matrix": [
    [
      121,
      22,
      24
    ],
    [
      48,
      14,
      104
    ],
    [
      47,
      17,
      103
    ]
  ],
  "f1": 43.091965270034535
}