{
    "total": {
        "EM": 0.48796172707254815,
        "EM_with_conditions": 0.39895162377019217,
        "F1": 0.5648749089671076,
        "F1_with_conditions": 0.4645958825373334
    },
    "yesno": {
        "EM": 0.7149353767996005,
        "EM_with_conditions": 0.5375376184697304,
        "F1": 0.7149353767996005,
        "F1_with_conditions": 0.5375376184697304
    },
    "extractive": {
        "EM": 0.28776041666666663,
        "EM_with_conditions": 0.28776041666666663,
        "F1": 0.4590124232287711,
        "F1_with_conditions": 0.4339214615778795
    },
    "conditional": {
        "EM": 0.4555748059445202,
        "EM_with_conditions": 0.052910052910052914,
        "F1": 0.5222722006247409,
        "F1_with_conditions": 0.06862898582338253
    }
}