{
    "total": {
        "EM": 0.4623519473339684,
        "EM_with_conditions": 0.3657395048503259,
        "F1": 0.5542064453619252,
        "F1_with_conditions": 0.4513774382601449
    },
    "yesno": {
        "EM": 0.7524729952693309,
        "EM_with_conditions": 0.5680822299464537,
        "F1": 0.7524729952693309,
        "F1_with_conditions": 0.5680822299464537
    },
    "extractive": {
        "EM": 0.18880208333333334,
        "EM_with_conditions": 0.1796875,
        "F1": 0.39332186409870634,
        "F1_with_conditions": 0.37036571110780003
    },
    "conditional": {
        "EM": 0.48467533504504934,
        "EM_with_conditions": 0.047619047619047616,
        "F1": 0.5339076296492273,
        "F1_with_conditions": 0.06872878799831547
    }
}